<?xml version="1.0" encoding="UTF-8"?>
<!DOCTYPE version SYSTEM "../../../lib/pkp/dtd/pluginVersion.dtd">

<!--
  * plugins/generic/lensGalley/version.xml
  *
  * Copyright (c) 2014-2017 Simon Fraser University
  * Copyright (c) 2003-2017 John Willinsky
  * Distributed under the GNU GPL v2. For full terms see the file docs/COPYING.
  *
  * Plugin version information.
  -->
<version>
	<application>lensGalley</application>
	<type>plugins.generic</type>
	<release>1.0.0.0</release>
	<date>2013-07-02</date>
	<lazy-load>1</lazy-load>
	<class>LensGalleyPlugin</class>
</version>
